CREATE TABLE EMPLOYEE (
    EMPLOYEEID INT NOT NULL PRIMARY KEY,
    FIRSTNAME VARCHAR(100) NOT NULL,
    LASTNAME VARCHAR(100) NOT NULL,
    DOB DATETIME NOT NULL,
    GENDER VARCHAR(50) NOT NULL,
    HIREDATE DATETIME NOT NULL,
    DEPARTMENTID INT NOT NULL,
    SALARY DECIMAL(10,2) NOT NULL,
);

CREATE TABLE DEPARTMENTS (
    DEPARTMENTID INT NOT NULL PRIMARY KEY,
    DEPARTMENTNAME VARCHAR(100) NOT NULL,
    MANAGERID INT NOT NULL,
    LOCATION VARCHAR(100) NOT NULL,
    FOREIGN KEY (MANAGERID) REFERENCES EMPLOYEE(EMPLOYEEID)
);

CREATE TABLE PROJECTS (
    PROJECTID INT NOT NULL PRIMARY KEY,
    PROJECTNAME VARCHAR(100) NOT NULL,
    STARTDATE DATETIME NOT NULL,
    ENDDATE DATETIME NOT NULL,
    DEPARTMENTID INT NOT NULL,
    FOREIGN KEY (DEPARTMENTID) REFERENCES DEPARTMENTS(DEPARTMENTID)
);

--ALTER TABLE EMPLOYEE
--ADD CONSTRAINT FK_DEPARTMENT
--FOREIGN KEY (DEPARTMENTID) REFERENCES DEPARTMENTS(DEPARTMENTID);



INSERT INTO DEPARTMENTS (DEPARTMENTID, DEPARTMENTNAME, MANAGERID, LOCATION) VALUES
(1, 'Finance', 3, 'jamnagar'),
(2, 'IT', 1, 'Rajkot'),
(3, 'HR', 2, 'Ahmedabad'),
(4, 'Sales', 7, 'Surat'),
(5, 'Marketing', 9, 'Baroda');


INSERT INTO EMPLOYEE (EMPLOYEEID, FIRSTNAME, LASTNAME, DOB, GENDER, HIREDATE, DEPARTMENTID, SALARY) VALUES
(1, 'HETVI', 'UNDHAD', '2002-01-15', 'F', '2019-05-23', 2, 85000.00),
(2, 'DISHA', 'BALDHA', '2003-07-11', 'F', '2018-03-15', 3, 60000.00),
(3, 'AYUSH', 'GINOYA', '2004-02-10', 'M', '2017-11-20', 1, 90000.00),
(4, 'MANAV', 'PANDYA', '2003-08-25', 'M', '2021-07-01', 4, 75000.00),
(5, 'RIYA', 'PADARIYA', '2000-03-30', 'F', '2020-01-10', 5, 65000.00),
(6, 'PRIT', 'DOBARIYA', '2005-05-20', 'M', '2016-04-11', 2, 78000.00),
(7, 'MONIL', 'GHORI', '1999-09-13', 'M', '2019-06-14', 4, 72000.00),
(8, 'PRIYANSH', 'DOBARIYA', '1999-11-22', 'M', '2023-02-09', 5, 68000.00),
(9, 'HANSHVEE', 'MARAKANA', '2002-12-18', 'F', '2020-09-17', 5, 69000.00),
(10, 'PARSHAV', 'MEHTA', '2003-06-30', 'M', '2018-08-23', 1, 88000.00);


INSERT INTO PROJECTS (PROJECTID, PROJECTNAME, STARTDATE, ENDDATE, DEPARTMENTID) VALUES
(1, 'Project A', '2023-01-05', '2023-12-20', 1),
(2, 'Project B', '2022-04-15', '2024-06-30', 2),
(3, 'Project C', '2021-09-10', '2023-05-25', 3),
(4, 'Project D', '2023-02-14', '2023-11-30', 4),
(5, 'Project E', '2023-05-01', '2023-11-15', 5);


SELECT * FROM EMPLOYEE
SELECT * FROM DEPARTMENTS
SELECT * FROM PROJECTS


--1 Retrieve employee name with their birthdate. 
SELECT FIRSTNAME,LASTNAME,DOB FROM EMPLOYEE

--2 Retrieve all projects with their starting date & ending dates. 
SELECT PROJECTNAME,STARTDATE,ENDDATE FROM PROJECTS

--3 Retrieve department names with their locations. 
SELECT DEPARTMENTNAME, LOCATION FROM DEPARTMENTS;

--4 Retrieve employees hired after January 1, 2020. 
SELECT * FROM EMPLOYEE WHERE HIREDATE>'2020-1-1'

--5 Count the total number of employees. 
SELECT COUNT(*) AS TOTAL_EMP FROM EMPLOYEE

--6 Find the average salary of all employees. 
SELECT AVG(SALARY) AS AVERAGE_SALARY FROM EMPLOYEE;

--7 Retrieve all female employees. 
SELECT FIRSTNAME, LASTNAME FROM EMPLOYEE 
WHERE GENDER = 'F';

--8 Find all departments located in 'RAJKOT'. 
SELECT DEPARTMENTNAME FROM DEPARTMENTS 
WHERE LOCATION = 'RAJKOT';

--9 Retrieve employees who work in the 'Finance' department. 
SELECT E.FIRSTNAME, E.LASTNAME FROM EMPLOYEE E
INNER JOIN DEPARTMENTS D
ON D.DEPARTMENTID = E.DEPARTMENTID
WHERE D.DEPARTMENTNAME='Finance'

--10 Find all projects with a budget greater than 1,000,000 Rs. 
--SELECT PROJECTNAME FROM PROJECTS WHERE BUDGET > 1000000;

--11 List all employees with their corresponding department names. 
SELECT E.FIRSTNAME, E.LASTNAME,D.DEPARTMENTNAME FROM EMPLOYEE E
INNER JOIN DEPARTMENTS D
ON D.DEPARTMENTID = E.DEPARTMENTID

--12 Find all projects managed by the 'IT' department. 
SELECT P.PROJECTNAME FROM PROJECTS P
INNER JOIN DEPARTMENTS D
ON D.DEPARTMENTID = P.DEPARTMENTID
WHERE D.DEPARTMENTNAME='IT'

--13 List all employees with their manager's name. 
SELECT E.FIRSTNAME, E.LASTNAME, M.FIRSTNAME AS MANAGER_FIRSTNAME, M.LASTNAME AS MANAGER_LASTNAME
FROM EMPLOYEE E
JOIN DEPARTMENTS D ON E.DEPARTMENTID = D.DEPARTMENTID
JOIN EMPLOYEE M ON D.MANAGERID = M.EMPLOYEEID;

--14 Find the number of employees in each department. SELECT D.DEPARTMENTNAME,COUNT(*) AS TOTAL_EMP FROM EMPLOYEE EJOIN DEPARTMENTS DON D.DEPARTMENTID = E.DEPARTMENTIDGROUP BY D.DEPARTMENTNAME--15 List all employees working on projects that started in 2023.
SELECT E.FIRSTNAME,P.PROJECTNAME,P.STARTDATE FROM EMPLOYEE E
JOIN DEPARTMENTS D
ON D.DEPARTMENTID =	E.DEPARTMENTID
JOIN PROJECTS P
ON P.DEPARTMENTID = D.DEPARTMENTID
WHERE YEAR(P.STARTDATE)=2023

--16 Find the highest salary in each department. 
SELECT D.DEPARTMENTNAME,MAX(E.SALARY) FROM EMPLOYEE E
JOIN DEPARTMENTS D
ON D.DEPARTMENTID = E.DEPARTMENTID
GROUP BY D.DEPARTMENTNAME

--17 List all projects and the number of employees working in the department that manages them.
SELECT P.PROJECTNAME,COUNT(E.EMPLOYEEID) FROM PROJECTS P
JOIN DEPARTMENTS D
ON D.DEPARTMENTID = P.DEPARTMENTID
JOIN EMPLOYEE E
ON E.DEPARTMENTID = D.DEPARTMENTID
GROUP BY P.PROJECTNAME

--18 Find all managers and the number of employees they manage.
SELECT M.FIRSTNAME, M.LASTNAME, COUNT(E.EMPLOYEEID) AS MANAGED FROM EMPLOYEE M
JOIN DEPARTMENTS D 
ON M.EMPLOYEEID = D.MANAGERID
JOIN EMPLOYEE E 
ON D.DEPARTMENTID = E.DEPARTMENTID
GROUP BY M.FIRSTNAME, M.LASTNAME;

--19 List employees who are working in the same department as their manager. 
SELECT E.FIRSTNAME, E.LASTNAME FROM EMPLOYEE E
JOIN DEPARTMENTS D 
ON E.DEPARTMENTID = D.DEPARTMENTID
WHERE E.DEPARTMENTID = D.MANAGERID;

--20 Find the total budget of projects managed by each department.
--SELECT D.DEPARTMENTNAME, SUM(P.BUDGET) AS TOTAL_BUDGET FROM PROJECTS P
--JOIN DEPARTMENTS D ON P.DEPARTMENTID = D.DEPARTMENTID
--GROUP BY D.DEPARTMENTNAME;

--21 Calculate the average salary by gender. 
SELECT GENDER, AVG(SALARY) AS AVERAGE_SALARY FROM EMPLOYEE
GROUP BY GENDER;

--22 Find the total number of projects in each department. 
SELECT D.DEPARTMENTNAME, COUNT(P.PROJECTID) AS NUMBER_OF_PROJECTSFROM FROM PROJECTS P
JOIN DEPARTMENTS D 
ON P.DEPARTMENTID = D.DEPARTMENTID
GROUP BY D.DEPARTMENTNAME;

--23 Find the department with the highest average salary. 
SELECT D.DEPARTMENTNAME,AVG(E.SALARY) AS AVG_SAL FROM DEPARTMENTS D
JOIN EMPLOYEE E
ON E.DEPARTMENTID = D.DEPARTMENTID
GROUP BY D.DEPARTMENTNAME

SELECT TOP 1 D.DEPARTMENTNAME,AVG(E.SALARY) AS AVG_SAL FROM DEPARTMENTS D
JOIN EMPLOYEE E
ON E.DEPARTMENTID = D.DEPARTMENTID
GROUP BY D.DEPARTMENTNAME
ORDER BY AVG_SAL DESC

--24 Calculate the average project budget by department. 
--SELECT D.DEPARTMENTNAME, AVG(P.BUDGET) AS AVERAGE_BUDGET FROM PROJECTS P
--JOIN DEPARTMENTS D ON P.DEPARTMENTID = D.DEPARTMENTID
--GROUP BY D.DEPARTMENTNAME;

--25 Find the department with the most employees. 
SELECT D.DEPARTMENTNAME,COUNT(E.EMPLOYEEID) AS TOTAL_EMP FROM DEPARTMENTS D
JOIN EMPLOYEE E
ON E.DEPARTMENTID = D.DEPARTMENTID
GROUP BY D.DEPARTMENTNAME

SELECT TOP 1 D.DEPARTMENTNAME,COUNT(E.EMPLOYEEID) AS TOTAL_EMP FROM DEPARTMENTS D
JOIN EMPLOYEE E
ON E.DEPARTMENTID = D.DEPARTMENTID
GROUP BY D.DEPARTMENTNAME
ORDER BY TOTAL_EMP DESC

--26 Calculate the sum of all salaries in the company.
SELECT SUM(SALARY) AS TOTAL_SALARIES FROM EMPLOYEE;

--27 Find the department with the lowest average salary. 
SELECT TOP 1 D.DEPARTMENTNAME,AVG(E.SALARY) AS AVG_SAL FROM DEPARTMENTS D
JOIN EMPLOYEE E
ON E.DEPARTMENTID = D.DEPARTMENTID
GROUP BY D.DEPARTMENTNAME
ORDER BY AVG_SAL

--28 Calculate the total number of male and female employees. 
SELECT GENDER, COUNT(*) AS TOTAL_EMPLOYEES FROM EMPLOYEE
GROUP BY GENDER;

--29 Find the employee with the highest salary. 
SELECT TOP 1 * FROM EMPLOYEE
ORDER BY SALARY DESC

--30 Calculate the total budget for projects starting in 2024. --SELECT SUM(BUDGET) AS TOTAL_BUDGET FROM PROJECTS
--WHERE STARTDATE >= '2024-01-01' AND STARTDATE <= '2024-12-31';
--31 Find the age of each employee. 
SELECT FIRSTNAME, LASTNAME, DATEDIFF(YEAR, DOB, GETDATE()) AS AGE FROM EMPLOYEE

--32 Find employees hired in the last 5 years. 
SELECT * , DATEDIFF(YEAR,HIREDATE,GETDATE()) AS EXP FROM EMPLOYEE 
WHERE DATEDIFF(YEAR,HIREDATE,GETDATE())<5

--33 Calculate the number of days each project has been running. 
SELECT PROJECTNAME, DATEDIFF(DAY, STARTDATE, GETDATE()) AS DAYS_RUNNING FROM PROJECTS
WHERE GETDATE() < ENDDATE AND GETDATE() > STARTDATE;

--34 Find all projects that ended in the year 2023. 
SELECT PROJECTNAME,YEAR(ENDDATE) AS END_YEAR FROM PROJECTS
WHERE YEAR(ENDDATE)=2023

--35 Find the number of employees hired each year. 
SELECT YEAR(HIREDATE) AS YEAR, COUNT(YEAR(HIREDATE)) AS NO_OF_EMP FROM EMPLOYEE
GROUP BY YEAR(HIREDATE)

--36 Find all employees whose last name starts with 'S'. 
SELECT FIRSTNAME, LASTNAME FROM EMPLOYEE
WHERE LASTNAME LIKE 'S%'

--37 Concatenate first and last names of all employees. 
SELECT CONCAT(FIRSTNAME, ' ', LASTNAME) AS FULLNAME FROM EMPLOYEE;

--38 Find employees whose first name contains 'an'. 
SELECT FIRSTNAME, LASTNAME FROM EMPLOYEE
WHERE FIRSTNAME LIKE '%an%';

--39 Convert all department names to uppercase. 
SELECT UPPER(DEPARTMENTNAME) AS DEPARTMENTNAME FROM DEPARTMENTS;

--40 Trim whitespace from project names. 
SELECT TRIM(PROJECTNAME) AS PROJECTNAME FROM PROJECTS;

--41 Find departments with more than 10 employees. 
SELECT D.DEPARTMENTNAME, COUNT(E.EMPLOYEEID) AS NUMBER_OF_EMPLOYEES FROM EMPLOYEE E
JOIN DEPARTMENTS D ON E.DEPARTMENTID = D.DEPARTMENTID
GROUP BY D.DEPARTMENTNAME
HAVING COUNT(E.EMPLOYEEID) > 10;

--42 Find projects with an average budget greater than 500,000. 
--SELECT PROJECTNAME, AVG(BUDGET) AS AVG_BUDGET FROM PROJECTS
--GROUP BY PROJECTNAME
--HAVING AVG(BUDGET) > 500000;

--43 List departments that have more than 3 projects. 
SELECT D.DEPARTMENTNAME, COUNT(P.PROJECTID) AS NUM_OF_PROJ FROM DEPARTMENTS D
JOIN PROJECTS P ON D.DEPARTMENTID = P.DEPARTMENTID
GROUP BY D.DEPARTMENTNAME
HAVING COUNT(P.PROJECTID) > 3;

--44 Find departments where the total budget of projects exceeds 2,000,000. 
--SELECT D.DEPARTMENTNAME, SUM(P.BUDGET) AS TOTAL_BUDGET
--FROM DEPARTMENTS D
--JOIN PROJECTS P ON D.DEPARTMENTID = P.DEPARTMENTID
--GROUP BY D.DEPARTMENTNAME
--HAVING SUM(P.BUDGET) > 2000000;

--45 Find employees whose average salary by department exceeds 75,000. 
SELECT E.FIRSTNAME, E.LASTNAME, AVG(E.SALARY) AS AVERAGE_SALARY FROM EMPLOYEE E
JOIN DEPARTMENTS D ON E.DEPARTMENTID = D.DEPARTMENTID
GROUP BY E.DEPARTMENTID
HAVING AVG(E.SALARY) > 75000;

--46 Find all employees whose email ends with '@company.com'. 
--SELECT FIRSTNAME, LASTNAME, EMAIL
--FROM EMPLOYEE
--WHERE EMAIL LIKE '%@company.com';

--47 Select all projects whose name starts with 'Project'. 
SELECT PROJECTNAME FROM PROJECTS
WHERE PROJECTNAME LIKE 'Project%';

--48 Find employees whose last name ends with 'son'. 
SELECT FIRSTNAME, LASTNAME FROM EMPLOYEE
WHERE LASTNAME LIKE '%son';

--49 Retrieve all departments located in cities starting with 'San'. 
SELECT DEPARTMENTNAME, LOCATION FROM DEPARTMENTS
WHERE LOCATION LIKE 'San%';

--50 Find employees with a middle initial (one character between first and last name).
SELECT FIRSTNAME, LASTNAME FROM EMPLOYEE
WHERE FIRSTNAME LIKE '_ %';
